TMDB ID,Title,Year,URL
926,Galaxy Quest,1999,https://www.youtube.com/watch?v=rzwJgFhMbL4
208759,American Rickshaw,1989,https://www.youtube.com/watch?v=FYVCkPDLYY0
16161,Baby Boy,2001,https://www.youtube.com/watch?v=kgwOhuEft5Y
8291,Poetic Justice,1993,https://www.youtube.com/watch?v=Ek6jk408STU
1220564,The Secret Agent,2025,https://www.youtube.com/watch?v=m7LAcHmtSsQ
1234731,Anaconda,2025,https://www.youtube.com/watch?v=az8M5Mai0X4
1140498,Is This Thing On?,2025,https://www.youtube.com/watch?v=x4jx0Xgc_Pc
858024,Hamnet,2025,https://www.youtube.com/watch?v=xYcgQMxQwmk
324544,In the Lost Lands,2025,https://www.youtube.com/watch?v=N5eoll8TLKA
1315303,Primate,2026,https://www.youtube.com/watch?v=vj0MY9cDNYk
